aahed,aalii,aargh,abaca,abaci,aback,abaft,abaka,abamp,aband,abase,abash,abask,abate,abbas,abbey,abbes,abbot,abeam,abear,abele,abets,abhor,abide,abies,abyes,abysm,abyss,abler,ables,ablet,ablow,abmho,abode,abohm,aboil,aboma,aboon,abord,abort,about,above,abray,abram,abrim,abrin,abris,absey,absit,abuna,abune,abuse,abuts,abuzz,acari,accoy,acerb,aceta,achar,ached,aches,achoo,acidy,acids,acyls,acing,acini,ackee,acker,acmes,acmic,acned,acnes,acock,acold,acorn,acred,acres,acrid,acted,actin,acton,actor,acute,adage,adays,adapt,addax,added,adder,addio,addle,adeem,adept,adieu,adios,adyta,adits,adman,admen,admin,admit,admix,adobe,adobo,adopt,adore,adorn,adown,adoze,adrad,adsum,adult,adunc,adust,adzes,aecia,aedes,aegis,aeons,aerie,aesir,afara,afars,afear,affix,afire,afoot,afore,afoul,afrit,afros,after,again,agama,agami,agape,agars,agast,agate,agave,agaze,agene,agent,agers,agger,aggie,aggry,aggro,aghas,agile,aging,agios,agism,agist,aglee,agley,aglet,aglow,agmas,agoge,agone,agony,agons,agora,agree,agria,agrin,agues,ahead,aheap,ahind,ahint,ahold,ahull,ayahs,aided,aider,aides,ayelp,aiery,ayins,ailed,aimed,aimer,ainee,aioli,ayont,aired,airer,airns,airth,airts,aisle,aitch,aiver,aizle,ajiva,ajuga,akees,akela,akene,aking,alack,alamo,aland,alane,alang,alans,alant,alapa,alary,alarm,alate,albas,albee,album,alcid,aldea,alder,aldol,aleck,alecs,alefs,aleft,aleph,alert,alfas,algae,algal,algas,algid,algin,algor,algum,alias,alibi,alien,alifs,align,aliya,alike,aline,alist,alive,alkyd,alkyl,allay,alley,allyl,allis,allod,alloy,allot,allow,almah,almas,almeh,almes,almud,almug,aloed,aloes,aloft,aloha,aloin,alone,along,aloof,aloud,alowe,alpha,altar,alter,altho,altos,alula,alums,alure,alvar,alway,amahs,amain,amass,amate,amaut,amaze,amban,amber,ambit,amble,ambos,ambry,ameba,ameer,amend,amene,amens,ament,amias,amice,amici,amide,amido,amids,amies,amiga,amigo,amyls,amine,amino,amins,amirs,amiss,amity,amman,ammos,amnia,amnic,amoks,amole,among,amort,amour,amove,amowt,ample,amply,ampul,amrit,amuck,amuse,anana,ancle,ancon,anear,anele,anent,angas,angel,anger,angle,anglo,angry,angst,anigh,anile,anils,anima,anime,animi,anion,anise,anker,ankhs,ankle,ankus,anlas,annal,annas,annat,annex,annoy,annul,anoas,anode,anole,anomy,ansae,antae,antar,antas,anted,antes,antic,antis,antra,antre,antsy,anura,anvil,aorta,apace,apaid,apart,apeak,apeek,apery,apers,apert,aphid,aphis,apian,aping,apiol,apish,apism,apnea,apods,apoop,aport,appay,appal,appel,apple,apply,appro,appui,apres,apron,apses,apsis,apter,aptly,aquae,aquas,araba,araks,arbor,arced,arcos,arcus,ardeb,ardor,ardri,aread,areae,areal,arear,areas,areca,arefy,areic,arena,arere,arete,argal,argan,argil,argle,argol,argon,argot,argue,argus,arhat,arias,ariel,ariki,arils,aryls,ariot,arise,arish,arles,armed,armer,armet,armil,armor,arnut,aroid,aroma,arose,arpen,arrah,array,arras,arret,arris,arrow,arroz,arses,arsis,arson,artal,artel,artic,artsy,arums,arval,arvos,asana,ascon,ascot,ascus,asdic,ashed,ashen,ashes,ashet,aside,asyla,asked,asker,askew,askoi,askos,aspen,asper,aspic,aspis,assai,assay,assam,asses,asset,assot,aster,astir,asway,aswim,ataxy,atilt,atimy,atlas,atman,atmas,atmos,atoke,atoll,atomy,atoms,atone,atony,atopy,atria,atrip,attar,attic,audad,audio,audit,auger,aught,augur,aulas,aulic,auloi,aulos,aumil,aunty,aunts,aurae,aural,aurar,auras,aurei,aures,auric,auris,aurum,autos,auxin,avail,avale,avant,avast,avens,avers,avert,avgas,avian,avine,avion,aviso,avoid,avows,aways,await,awake,award,aware,awarn,awash,awave,aweel,aweto,awful,awing,awned,awner,awoke,awols,awork,axels,axial,axile,axils,axing,axiom,axion,axite,axled,axles,axman,axmen,axoid,axone,axons,azans,azide,azido,azyme,azine,azlon,azoic,azole,azons,azote,azoth,azure,azury
baaed,baals,babas,babel,babes,babka,baboo,babul,babus,bacca,baccy,backs,bacon,baddy,badge,badly,baffy,baffs,bagel,baggy,bagie,bahts,bahut,bayed,bails,bayou,bairn,baith,baits,baiza,baize,bajan,bajra,bajri,baked,baken,baker,bakes,bakra,balas,baldy,balds,baled,baler,bales,balky,balks,bally,balls,balmy,balms,baloo,balsa,balti,balun,banak,banal,banco,banda,bandh,bandy,bands,baned,banes,bangs,bania,banya,banjo,banks,banns,banty,bantu,barbe,barbs,barde,bardy,bardo,bards,bared,barer,bares,barfs,barge,baric,barye,barky,barks,barmy,barms,barny,barns,baron,barra,barre,barry,basal,basan,based,baser,bases,basic,basil,basin,basis,basks,bason,bassi,bassy,basso,basta,baste,basti,basto,basts,batch,bated,bates,bathe,baths,batik,baton,batta,batty,batts,battu,bauds,baulk,bavin,bawdy,bawds,bawls,bawty,bazar,bazoo,beach,beady,beads,beaky,beaks,beamy,beams,beany,beano,beans,beard,bears,beast,beath,beats,beaus,beaut,beaux,bebop,becap,becks,bedad,bedel,bedew,bedye,bedim,beech,beedi,beefy,beefs,beeps,beery,beers,beets,befit,befog,begad,began,begar,begat,begem,beget,begin,begot,begum,begun,beige,beigy,being,bekah,belah,belay,belar,belch,belee,belga,belie,belle,belly,bells,below,belts,bemad,bemas,bemix,bemud,bench,bendy,bends,benes,benet,benne,benni,benny,benty,bents,bepat,beray,beret,bergs,beryl,berme,berms,berob,berry,berth,besee,beset,besit,besom,besot,bests,betas,betel,betes,beths,beton,betta,betty,bevel,bever,bevor,bevue,bevvy,bewet,bewig,bezel,bezil,bhang,bhoot,bhuts,biali,bialy,bibbs,bible,bicep,bices,biddy,bided,bider,bides,bidet,bield,biers,biffy,biffs,bifid,bigae,biggy,bigha,bight,bigly,bigot,bijou,biked,biker,bikes,bikie,bylaw,bilby,bilbo,biles,bilge,bilgy,bilks,billy,bills,bimah,bimas,bimbo,binal,bindi,binds,bines,binge,bingy,bingo,binit,bints,biome,biont,biota,biped,bipod,birch,birds,byres,birks,birle,birls,byrls,birrs,birse,birsy,birth,bises,bisks,bison,byssi,bitch,biter,bites,bytes,bitsy,bitte,bitty,bitts,bivvy,byway,bizes,blabs,black,blade,blady,blaff,blahs,blain,blame,blams,bland,blank,blare,blart,blase,blash,blast,blate,blats,blawn,blaws,blaze,bleak,blear,bleat,blebs,bleed,bleep,blend,blent,bless,blest,blets,blimy,blimp,blind,blini,bliny,blink,blype,blips,bliss,blist,blite,blitz,bloat,blobs,block,blocs,bloke,blond,blood,bloom,bloop,blore,blots,blowy,blown,blows,blued,bluey,bluer,blues,bluet,bluff,blume,blunk,blunt,blurb,blurs,blurt,blush,board,boars,boart,boast,boats,bobac,bobby,bobol,bocca,bocce,bocci,boche,bocks,boded,bodes,bodge,bodhi,bodle,boffo,boffs,bogan,bogey,boggy,bogie,bogle,bogue,bogus,bohea,boyar,boyau,boyla,boils,boing,boyos,boite,bokos,bolar,bolas,boles,bolls,bolos,bolts,bolus,bombe,bombo,bombs,bonce,bonds,boned,boney,boner,bones,bongo,bongs,bonks,bonne,bonny,bonus,bonze,booby,boobs,boody,booed,booky,books,boomy,booms,boong,boons,boors,boose,boost,booth,booty,boots,booze,boozy,borak,boral,boras,borax,bored,boree,borel,borer,bores,boric,borne,boron,borty,borts,bortz,bosky,bosks,bosom,boson,bossy,bosun,botas,botch,botel,bothy,botte,botts,bouge,bough,boule,boult,bound,bourd,bourg,bourn,bouse,bousy,bouts,bovid,bowed,bowel,bower,bowet,bowie,bowls,bowne,bowse,boxed,boxen,boxer,boxes,boxty,bozos,brace,brach,brack,bract,brads,braes,brags,braid,brail,brain,brays,brake,braky,brame,brand,brank,brans,brant,brash,brass,brast,brats,brava,brave,bravi,bravo,brawl,brawn,braws,braxy,braza,braze,bread,break,bream,brede,breed,brees,breme,brens,brent,brere,breve,brews,briar,bribe,brick,bride,brief,brier,bries,brigs,brill,brims,brine,bring,briny,brink,brins,brios,brise,brisk,briss,brith,brits,britt,broad,broch,brock,brogh,broil,broke,brome,bromo,bronc,brood,brook,brool,broom,broos,brose,brosy,broth,brown,brows,brugh,bruin,bruit,brule,brume,brunt,brush,brusk,brute,buaze,bubal,bubas,bubba,bubby,buchu,bucko,bucks,bucku,buddy,budge,buffa,buffe,buffi,buffy,buffo,buffs,buggy,bugle,buhls,buhrs,buyer,build,built,buist,bulbs,bulge,bulgy,bulky,bulks,bulla,bully,bulls,bulse,bumbo,bumfs,bumph,bumpy,bumps,bunce,bunch,bunco,bundh,bundy,bunds,bundt,bundu,bungy,bungs,bunya,bunko,bunks,bunny,bunns,bunty,bunts,buoys,buran,buras,burbs,burds,buret,burgh,burgs,burin,burka,burke,burly,burls,burns,burnt,buroo,burps,burry,burro,burrs,bursa,burse,burst,busby,bused,buses,bushy,busky,busks,bussu,busti,busty,busts,butch,buteo,butyl,butle,butte,butty,butts,butut,buxom,buzzy,bwana
cabal,cabas,cabby,caber,cabin,cable,cabob,cabre,cacao,cacas,cache,cacks,cacti,caddy,cadee,cades,cadet,cadge,cadgy,cadie,cadis,cadre,caeca,cafes,caged,cagey,cager,cages,cagot,cahow,caids,cains,caird,cairn,cajon,cajun,caked,cakey,cakes,calfs,calid,calif,calix,calyx,calks,calla,calls,calmy,calms,calve,caman,camas,camel,cameo,cames,camis,campi,campy,campo,camps,camus,canal,candy,caned,caner,canes,canid,canna,canny,canoe,canon,canso,canst,canty,canto,cants,caped,caper,capes,caphs,capon,capos,capot,capri,caput,carap,carat,carby,carbo,cards,cared,carer,cares,caret,carex,cargo,carks,carle,carls,carny,carns,carob,carol,carom,carpi,carps,carry,carrs,carse,carte,carts,carve,carvy,casas,casco,cased,cases,casky,casks,caste,casts,casus,catch,cater,cates,catty,cauda,cauld,caulk,cauls,causa,cause,caved,cavel,caver,caves,cavie,cavil,cawed,caxon,cease,cebid,cecal,cecum,cedar,ceded,ceder,cedes,cedis,ceiba,ceils,celeb,cella,celli,cello,cells,celom,celts,cense,cento,cents,ceorl,cepes,cerci,cered,ceres,ceria,ceric,ceros,certy,cesta,cesti,cetes,cetyl,chace,chack,chaco,chads,chafe,chaff,chaft,chaya,chain,chair,chais,chays,chalk,champ,chams,chang,chank,chant,chaos,chape,chaps,chapt,chara,chard,chare,chary,chark,charm,charr,chars,chart,chase,chasm,chats,chave,chawk,chaws,cheap,cheat,check,cheek,cheep,cheer,chefs,cheka,chela,chelp,chere,chert,chess,chest,cheth,chevy,chewy,chews,chiao,chias,chica,chich,chick,chico,chics,chide,chief,chiel,child,chile,chyle,chili,chill,chimb,chime,chyme,chimp,china,chine,ching,chink,chino,chins,chips,chirk,chirl,chirm,chiro,chirp,chirr,chirt,chiru,chits,chive,chivy,chizz,chock,choco,choil,choir,choke,choky,choko,chola,choli,cholo,chomp,chook,choom,chops,chord,chore,chose,chott,chout,choux,chowk,chows,chubs,chuck,chufa,chuff,chugs,chump,chums,chunk,churl,churn,churr,chuse,chute,cyano,cyans,cibol,cycad,cycas,cycle,cyclo,cider,cyder,cigar,cilia,cylix,cymae,cymar,cymas,cymes,cimex,cymol,cinch,cinct,cines,cynic,cions,cippi,circa,circs,cires,cirri,cisco,cissy,cists,cysts,cital,cited,citer,cites,cyton,civet,civic,civie,civil,civvy,clach,clack,clade,clads,claes,clags,claim,clays,clame,clamp,clams,clang,clank,clans,claps,clapt,clary,claro,clart,clash,clasp,class,clast,claut,clave,clavi,claws,clean,clear,cleat,cleck,cleek,clefs,cleft,clepe,clept,clerk,cleve,clews,click,cliff,clift,climb,clime,cline,cling,clink,clint,clype,clips,clipt,cloak,cloam,clock,clods,cloff,clogs,cloys,cloke,clomb,clomp,clone,clonk,clons,cloop,cloot,clops,close,clote,cloth,clots,cloud,clour,clout,clove,clown,cloze,clubs,cluck,clued,clues,clump,clung,clunk,cnida,coach,coact,coala,coaly,coals,coapt,coarb,coast,coati,coats,cobby,cobbs,cobia,coble,cobra,cocas,cocci,cocco,cocky,cocks,cocoa,cocos,codas,codec,coded,coden,coder,codes,codex,codon,coeds,coffs,cogie,cogon,cogue,cohen,cohog,cohos,coyed,coyer,coifs,coign,coyly,coils,coins,coypu,coirs,coked,cokes,colas,colds,coley,coles,colic,colin,colly,colog,colon,color,colts,colza,comae,comal,comas,combe,comby,combo,combs,comer,comes,comet,comfy,comic,comma,commy,commo,compo,comps,compt,comte,comus,conch,condo,coned,coney,cones,conga,conge,congo,conia,conic,conin,conky,conks,conns,conte,conto,conus,cooch,cooed,cooee,cooey,cooer,coofs,cooky,cooks,cooly,cools,coomb,coomy,coons,coops,coopt,coost,coots,copal,coped,copen,coper,copes,coppy,copra,copse,copsy,coral,coram,corbe,corby,cords,cored,corey,corer,cores,corgi,coria,corky,corks,corms,corny,corno,corns,cornu,corps,corse,corso,cosec,cosed,cosey,coses,coset,cosie,costa,costs,cotan,coted,cotes,cotta,couch,coude,cough,could,count,coupe,coups,courb,cours,court,couth,coved,covey,coven,cover,coves,covet,covin,cowal,cowan,cowed,cower,cowls,cowry,coxae,coxal,coxed,coxes,cozed,cozey,cozen,cozes,cozie,craal,crabs,crack,craft,crags,craig,crake,cramp,crams,crane,crank,crape,crapy,craps,crare,crash,crass,crate,crave,crawl,craws,craze,crazy,creak,cream,credo,creed,creek,creel,creep,crees,creme,crena,crepe,crepy,crept,cress,crest,crewe,crews,cribs,crick,cried,crier,cries,crime,crimp,crine,crips,crypt,crisp,crith,croak,croci,crock,croft,crome,crone,crony,cronk,crook,crool,croon,crops,crore,cross,crost,croup,crout,crowd,crown,crows,croze,cruck,crude,crudy,cruds,cruel,cruet,crumb,crump,crunk,cruor,crura,cruse,crush,crust,crwth,ctene,cubby,cubeb,cubed,cuber,cubes,cubic,cubit,cuddy,cuffs,cuifs,cuing,cuish,cukes,culch,culet,culex,cully,culls,culms,culpa,culti,cults,cumin,cundy,cunei,cunit,cunts,cupel,cupid,cuppa,cuppy,curat,curbs,curch,curdy,curds,cured,curer,cures,curet,curfs,curia,curie,curio,curly,curls,curns,curry,currs,curse,curst,curve,curvy,cusec,cushy,cusks,cusps,cusso,cutch,cutey,cuter,cutes,cutie,cutin,cutis,cutty,cutup,cuvee,czars
dabba,daces,dacha,dadas,daddy,dados,daffy,daffs,dagga,daggy,dagos,dayan,daily,daint,dairy,daisy,daker,dales,dalis,dalle,dally,daman,damar,dames,damme,damns,dampy,damps,dance,dancy,dandy,dangs,danio,danny,daraf,darbs,darcy,dared,darer,dares,daric,darky,darks,darns,darts,dashy,dated,dater,dates,datos,datto,datum,daube,dauby,daubs,dault,daunt,dauts,daven,davit,dawed,dawen,dawks,dawns,dawts,dazed,dazes,deads,deair,deals,dealt,deans,deare,deary,dearn,dears,deash,death,deave,debag,debar,debby,debel,debye,debit,debts,debug,debus,debut,decad,decay,decal,decan,decks,decoy,decor,decry,dedal,deedy,deeds,deems,deeps,deers,defat,defer,defis,defog,degas,degum,deice,deify,deign,deils,deism,deist,deity,deked,dekes,dekko,delay,deled,deles,delfs,delft,delis,delly,dells,delph,delta,delve,demes,demit,demob,demon,demos,demur,denay,denar,denes,denim,denis,dense,dents,depot,depth,deray,derat,derby,derma,derms,derry,derth,desex,deter,deuce,devas,devel,devil,devon,devot,dewan,dewar,dewax,dewed,dexes,dhaks,dhikr,dhobi,dhole,dhoti,dhows,dhuti,diact,dyads,dials,diane,diary,diazo,diced,dicey,dicer,dices,dicht,dicky,dicks,dicot,dicta,dicty,diddy,didie,didos,didst,diene,dyers,diets,dight,digit,dying,diked,dyked,diker,dikes,dykes,dildo,dilli,dilly,dills,dimer,dimes,dimly,dimps,dinar,dined,dynel,diner,dines,dynes,dinge,dingy,dingo,dings,dinic,dinky,dinks,dinos,dints,diode,diols,diota,dippy,dipso,direr,dirge,dirks,dirls,dirty,dirts,disci,disco,discs,dishy,disks,disme,dital,ditas,ditch,dites,ditty,ditto,divan,divas,dived,diver,dives,divot,divvy,diwan,dixie,dixit,dizen,dizzy,djinn,djins,doats,dobby,dobie,dobla,dobra,docks,doddy,dodge,dodgy,dodos,doers,doest,doeth,doffs,dogey,doges,doggy,doggo,dogie,dogma,doyen,doily,doyly,doing,doits,dojos,dolce,dolci,doled,doles,dolia,dolly,dolls,dolor,dolos,dolts,domal,domed,domes,domic,donas,donee,donga,dongs,donna,donne,donny,donor,donsy,donut,dooly,dooms,doors,doozy,dopas,doped,dopey,doper,dopes,dorad,doree,doric,doris,dormy,dorms,dorps,dorrs,dorsa,dorse,dorty,dorts,dosed,doser,doses,dotal,doted,doter,dotes,dotty,douar,doubt,douce,dough,douma,doura,douse,doven,dover,doves,dowdy,dowed,dowel,dower,dowie,dowly,downy,downs,dowry,dowse,doxie,dozed,dozen,dozer,dozes,drabs,draco,draff,draft,drags,drail,drain,drays,drake,drama,drams,drank,drant,drape,drats,drave,drawl,drawn,draws,dread,dream,drear,dreck,dreed,drees,dregs,dreks,drent,dress,drest,dryad,dryas,dribs,dried,drier,dryer,dries,drift,drily,dryly,drill,drink,drips,dript,drive,droil,droit,droll,drome,drone,drony,droob,drool,droop,drops,dropt,dross,drouk,drove,drown,drubs,drugs,druid,drums,drunk,drupe,druse,drusy,druxy,duads,duals,ducal,ducat,duces,duchy,ducky,ducks,ducts,duddy,dudes,duels,duets,duffs,duits,dukes,dulce,dulia,dully,dulls,dulse,dumas,dumbs,dumka,dumky,dummy,dumpy,dumps,dunce,dunch,dunes,dungy,dungs,dunks,dunny,dunno,dunts,duomi,duomo,duped,duper,dupes,duple,duply,duppy,dural,duras,dured,dures,durns,duroc,duroy,duros,durra,durry,durrs,durst,durum,durzi,dusky,dusks,dusty,dusts,dutch,duvet,duxes,dwale,dwalm,dwang,dwarf,dwell,dwelt,dwine
